,mean_fit_time,std_fit_time,mean_score_time,std_score_time,param_C,params,split0_test_score,split1_test_score,split2_test_score,split3_test_score,split4_test_score,mean_test_score,std_test_score,rank_test_score
0,0.7750250339508057,0.08409543118628675,0.2398472785949707,0.006632628617800447,3,{'C': 3},0.8207171314741036,0.8500000000000001,0.864406779661017,0.8016528925619835,0.8122270742358078,0.8298007755865824,0.023618785206687854,6
1,0.6896814346313477,0.030092231687078266,0.22696146965026856,0.010156901984574746,5,{'C': 5},0.824,0.8438818565400844,0.8680851063829788,0.8083333333333332,0.8296943231441049,0.8347989238801002,0.020167155475931606,5
2,0.6917767524719238,0.04922074812140312,0.2213416576385498,0.010067219728996088,7,{'C': 7},0.8273092369477911,0.847457627118644,0.869198312236287,0.8220338983050848,0.8384279475982533,0.840885404441212,0.016676603732649117,1
3,0.7023078918457031,0.029807667115039512,0.21764917373657228,0.009927839088907228,9,{'C': 9},0.8306451612903225,0.8376068376068375,0.8630705394190871,0.8135593220338982,0.8384279475982533,0.8366619615896796,0.015945898033844608,4
4,0.6010031223297119,0.019659556195767557,0.20283756256103516,0.0033153437721673337,12,{'C': 12},0.8273092369477911,0.8362068965517241,0.865546218487395,0.8135593220338982,0.8484848484848485,0.8382213045011314,0.01779514369906471,2
5,0.6177036762237549,0.02608669163026057,0.19458699226379395,0.003864900223633115,15,{'C': 15},0.8225806451612903,0.8240343347639484,0.875,0.8205128205128206,0.8448275862068967,0.8373910773289912,0.020747817980985826,3
